City_ID,City,Lat,Lng,Max Temp,Humidity,Cloudiness,Wind Speed,Current Description,Country,Date
0,Albany,42.6001,-73.9662,58.17,48,100,2.04,overcast clouds,US,2022-05-02 00:43:19
1,Lebu,-37.6167,-73.65,52.45,90,0,15.1,clear sky,CL,2022-05-02 00:42:42
2,Busselton,-33.65,115.3333,65.37,73,64,2.75,broken clouds,AU,2022-05-02 00:40:57
3,Buchanan,5.8808,-10.0467,79.56,86,100,7.27,moderate rain,LR,2022-05-02 00:51:21
4,Ushuaia,-54.8,-68.3,38.86,81,20,6.91,few clouds,AR,2022-05-02 00:46:30
5,Gualdo Tadino,43.2317,12.781,46.42,86,59,2.13,broken clouds,IT,2022-05-02 00:51:22
6,Thompson,55.7435,-97.8558,26.76,86,100,12.66,overcast clouds,CA,2022-05-02 00:51:22
7,Henties Bay,-22.116,14.2845,62.76,69,0,8.66,clear sky,NA,2022-05-02 00:51:23
8,Hermanus,-34.4187,19.2345,58.8,85,27,9.37,scattered clouds,ZA,2022-05-02 00:48:24
9,Banda Aceh,5.5577,95.3222,82.31,76,100,11.27,overcast clouds,ID,2022-05-02 00:51:23
10,Victoria,22.2855,114.1577,64.26,92,100,8.99,light rain,HK,2022-05-02 00:48:31
11,Namatanai,-3.6667,152.4333,85.32,67,13,7.45,few clouds,PG,2022-05-02 00:51:24
12,Paita,-5.0892,-81.1144,67.93,83,83,13.44,broken clouds,PE,2022-05-02 00:47:27
13,Kruisfontein,-34.0033,24.7314,48.88,88,0,3.98,clear sky,ZA,2022-05-02 00:51:24
14,Necochea,-38.5473,-58.7368,51.69,61,100,8.43,overcast clouds,AR,2022-05-02 00:47:52
15,Port Alfred,-33.5906,26.891,56.17,93,5,7.38,clear sky,ZA,2022-05-02 00:41:18
16,Kaitangata,-46.2817,169.8464,62.22,63,33,4.97,scattered clouds,NZ,2022-05-02 00:51:25
17,Saint-Philippe,-21.3585,55.7679,73.22,84,0,2.89,clear sky,RE,2022-05-02 00:48:17
18,Rikitea,-23.1203,-134.9692,76.59,70,100,6.2,overcast clouds,PF,2022-05-02 00:45:37
19,Pangai,-19.8,-174.35,80.71,83,75,5.75,broken clouds,TO,2022-05-02 00:51:26
20,Upernavik,72.7868,-56.1549,-1.7,89,6,3.65,clear sky,GL,2022-05-02 00:45:46
21,Christchurch,-43.5333,172.6333,69.94,63,4,4.61,clear sky,NZ,2022-05-02 00:49:54
22,Kenai,60.5544,-151.2583,49.03,46,100,11.5,overcast clouds,US,2022-05-02 00:51:27
23,Avarua,-21.2078,-159.775,84.25,70,80,4.61,broken clouds,CK,2022-05-02 00:46:55
24,Cape Town,-33.9258,18.4232,59.11,83,0,5.01,clear sky,ZA,2022-05-02 00:46:47
25,Alingsas,57.9303,12.5335,41.45,87,86,5.41,overcast clouds,SE,2022-05-02 00:51:28
26,Punta Arenas,-53.15,-70.9167,41.11,75,0,6.91,clear sky,CL,2022-05-02 00:46:53
27,Hasaki,35.7333,140.8333,59.29,54,100,13.91,overcast clouds,JP,2022-05-02 00:51:29
28,Kefalos,36.7453,26.9589,62.82,72,20,11.5,few clouds,GR,2022-05-02 00:51:30
29,Aloleng,16.1307,119.7824,85.08,63,99,3.89,overcast clouds,PH,2022-05-02 00:51:30
30,Ponta Do Sol,32.6667,-17.1,65.01,74,0,4.12,clear sky,PT,2022-05-02 00:46:30
31,Bilibino,68.0546,166.4372,23.95,60,46,3.04,scattered clouds,RU,2022-05-02 00:51:31
32,Atuona,-9.8,-139.0333,78.37,81,100,13.0,overcast clouds,PF,2022-05-02 00:41:04
33,Bentiu,9.2333,29.8333,85.12,39,95,6.78,overcast clouds,SS,2022-05-02 00:51:31
34,Cidreira,-30.1811,-50.2056,64.69,72,100,6.64,overcast clouds,BR,2022-05-02 00:51:32
35,Bambous Virieux,-20.3428,57.7575,73.22,94,20,1.14,few clouds,MU,2022-05-02 00:51:32
36,Baykit,61.67,96.37,32.5,66,100,6.82,overcast clouds,RU,2022-05-02 00:51:33
37,Prince Rupert,54.3161,-130.3201,46.49,87,100,27.63,light rain,CA,2022-05-02 00:48:35
38,Salinas,36.6777,-121.6555,77.0,58,0,17.27,clear sky,US,2022-05-02 00:51:34
39,Cabo San Lucas,22.8909,-109.9124,87.1,61,20,13.96,few clouds,MX,2022-05-02 00:48:13
40,Atar,20.5169,-13.0499,82.49,13,0,11.21,clear sky,MR,2022-05-02 00:48:35
41,Arraial Do Cabo,-22.9661,-42.0278,75.54,82,2,12.88,clear sky,BR,2022-05-02 00:48:33
42,Valdez,1.2492,-78.9831,78.87,81,99,4.68,overcast clouds,EC,2022-05-02 00:51:35
43,Hilo,19.7297,-155.09,76.28,93,100,10.36,heavy intensity rain,US,2022-05-02 00:52:35
44,Iqaluit,63.7506,-68.5145,26.33,86,40,6.91,scattered clouds,CA,2022-05-02 00:47:53
45,Winslow,35.0242,-110.6974,77.18,6,0,28.77,clear sky,US,2022-05-02 00:52:36
46,Castro,-24.7911,-50.0119,62.89,88,100,2.15,overcast clouds,BR,2022-05-02 00:52:36
47,Tabat,-2.635,115.2274,83.82,72,79,1.32,broken clouds,ID,2022-05-02 00:52:37
48,Yarada,17.65,83.2667,84.52,89,40,5.75,mist,IN,2022-05-02 00:52:38
49,Yar-Sale,66.8333,70.8333,9.63,87,13,6.15,few clouds,RU,2022-05-02 00:48:14
50,Santiago Del Estero,-27.7951,-64.2615,61.75,45,100,3.02,overcast clouds,AR,2022-05-02 00:51:36
51,Rio Gallegos,-51.6226,-69.2181,39.25,87,0,9.22,clear sky,AR,2022-05-02 00:52:39
52,Faanui,-16.4833,-151.75,81.41,72,54,8.28,light rain,PF,2022-05-02 00:52:39
53,Xining,36.6167,101.7667,39.51,51,0,3.2,clear sky,CN,2022-05-02 00:52:40
54,Mar Del Plata,-38.0023,-57.5575,51.87,72,75,18.01,light rain,AR,2022-05-02 00:47:10
55,Mataura,-46.1927,168.8643,63.48,55,26,5.37,scattered clouds,NZ,2022-05-02 00:45:40
56,Pisco,-13.7,-76.2167,64.45,82,0,13.8,clear sky,PE,2022-05-02 00:52:40
57,Santa Isabel,-23.3156,-46.2214,74.16,86,58,2.19,broken clouds,BR,2022-05-02 00:52:41
58,Vila Do Maio,15.1333,-23.2167,70.59,80,0,14.0,clear sky,CV,2022-05-02 00:52:42
59,Turukhansk,65.8167,87.9833,27.01,90,18,11.61,few clouds,RU,2022-05-02 00:47:11
60,Nieuwpoort,51.1244,2.7735,50.14,84,100,4.61,overcast clouds,BE,2022-05-02 00:52:42
61,Fortuna,40.5982,-124.1573,60.93,73,0,13.8,clear sky,US,2022-05-02 00:48:23
62,Tasiilaq,65.6145,-37.6368,19.18,56,75,4.81,broken clouds,GL,2022-05-02 00:52:43
63,Adrar,20.5022,-10.0711,77.22,16,0,11.5,clear sky,MR,2022-05-02 00:52:43
64,Qaanaaq,77.484,-69.3632,6.3,68,19,6.46,few clouds,GL,2022-05-02 00:52:44
65,Dillon,34.4166,-79.3712,73.31,61,100,12.88,overcast clouds,US,2022-05-02 00:52:45
66,Puerto Ayora,-0.7393,-90.3518,72.41,89,59,4.76,broken clouds,EC,2022-05-02 00:47:47
67,Schieder-Schwalenberg,51.8771,9.1954,50.16,81,94,2.13,overcast clouds,DE,2022-05-02 00:52:45
68,Borogontsy,62.6683,131.1683,42.87,69,21,14.16,few clouds,RU,2022-05-02 00:52:46
69,Bluff,-46.6,168.3333,63.81,74,34,11.77,scattered clouds,NZ,2022-05-02 00:45:34
70,Yellowknife,62.456,-114.3525,45.12,49,0,12.66,clear sky,CA,2022-05-02 00:46:09
71,Matam,15.6175,-13.3303,87.8,27,0,4.61,clear sky,SN,2022-05-02 00:52:47
72,Hobart,-42.8794,147.3294,66.06,60,75,14.97,broken clouds,AU,2022-05-02 00:48:31
73,Waddan,29.1614,16.139,60.69,63,0,22.44,clear sky,LY,2022-05-02 00:52:48
74,Izhma,65.0083,53.9113,22.01,93,76,3.44,broken clouds,RU,2022-05-02 00:52:49
75,Mul,20.0667,79.6667,89.38,51,92,12.53,overcast clouds,IN,2022-05-02 00:52:49
76,Lengshuijiang,27.6881,111.4294,62.29,63,100,2.46,overcast clouds,CN,2022-05-02 00:52:50
77,Vilhena,-12.7406,-60.1458,74.07,69,98,0.45,overcast clouds,BR,2022-05-02 00:52:51
78,Nishihara,26.1842,127.7558,65.48,83,75,10.36,light rain,JP,2022-05-02 00:52:51
79,Shelburne,44.0787,-80.2041,47.59,91,100,7.16,overcast clouds,CA,2022-05-02 00:48:58
80,Leninskoye,41.7589,69.3864,71.04,50,100,3.29,overcast clouds,KZ,2022-05-02 00:52:52
81,Fort Nelson,58.8053,-122.7002,53.19,40,40,9.22,scattered clouds,CA,2022-05-02 00:50:54
82,Lakatoro,-16.0999,167.4164,84.29,67,100,1.81,overcast clouds,VU,2022-05-02 00:52:52
83,Abha,18.2164,42.5053,64.22,63,0,6.91,clear sky,SA,2022-05-02 00:51:27
84,Sawtell,-30.3833,153.1,71.62,68,75,10.36,broken clouds,AU,2022-05-02 00:52:53
85,Gat,31.61,34.7642,63.28,89,14,5.21,few clouds,IL,2022-05-02 00:52:53
86,Dikson,73.5069,80.5464,10.45,94,100,11.34,overcast clouds,RU,2022-05-02 00:41:23
87,Port Elizabeth,-33.918,25.5701,54.32,90,0,5.75,clear sky,ZA,2022-05-02 00:48:25
88,Airai,-8.9266,125.4092,72.23,49,68,5.37,broken clouds,TL,2022-05-02 00:52:54
89,Lagos,6.5833,3.75,80.92,90,100,0.63,light rain,NG,2022-05-02 00:50:03
90,Boa Vista,2.8197,-60.6733,82.38,57,0,5.75,clear sky,BR,2022-05-02 00:52:55
91,Mogok,22.9167,96.5,75.13,56,64,2.28,broken clouds,MM,2022-05-02 00:53:55
92,Burgeo,47.6167,-57.6152,37.15,90,100,12.01,overcast clouds,CA,2022-05-02 00:53:56
93,Butaritari,3.0707,172.7902,81.37,78,33,12.71,light rain,KI,2022-05-02 00:46:53
94,Bay Roberts,47.5999,-53.2648,44.35,89,100,1.99,overcast clouds,CA,2022-05-02 00:53:56
95,Theog,31.1167,77.35,57.79,42,0,5.48,clear sky,IN,2022-05-02 00:53:57
96,Bredasdorp,-34.5322,20.0403,54.63,94,52,3.62,broken clouds,ZA,2022-05-02 00:45:52
97,Namibe,-15.1961,12.1522,73.67,68,93,8.7,overcast clouds,AO,2022-05-02 00:47:09
98,Richards Bay,-28.783,32.0377,61.36,81,0,6.93,clear sky,ZA,2022-05-02 00:48:26
99,Costache Negri,45.7,27.7167,48.7,62,52,2.77,broken clouds,RO,2022-05-02 00:53:58
100,Opuwo,-18.0607,13.84,71.8,37,93,6.51,overcast clouds,NA,2022-05-02 00:53:59
101,Stornoway,58.2093,-6.3865,48.16,81,100,5.75,overcast clouds,GB,2022-05-02 00:48:19
102,Strezhevoy,60.7333,77.5889,31.86,78,100,3.36,overcast clouds,RU,2022-05-02 00:54:00
103,Shadrinsk,56.0852,63.6335,34.36,69,7,16.17,clear sky,RU,2022-05-02 00:54:00
104,Road Town,18.4167,-64.6167,78.84,94,20,9.22,light rain,VG,2022-05-02 00:53:24
105,New Norfolk,-42.7826,147.0587,65.7,45,100,8.21,overcast clouds,AU,2022-05-02 00:47:00
106,Creel,27.75,-107.6333,62.33,17,0,15.14,clear sky,MX,2022-05-02 00:54:01
107,Puerto Ayacucho,5.6639,-67.6236,75.9,88,70,3.36,broken clouds,VE,2022-05-02 00:54:01
108,Kapaa,22.0752,-159.319,85.98,80,75,18.41,broken clouds,US,2022-05-02 00:46:54
109,East London,-33.0153,27.9116,60.64,77,0,6.58,clear sky,ZA,2022-05-02 00:44:37
110,Buin,-33.7333,-70.75,64.06,58,81,3.15,broken clouds,CL,2022-05-02 00:54:02
111,Barrow,71.2906,-156.7887,19.42,86,100,14.97,overcast clouds,US,2022-05-02 00:52:49
112,Dubna,56.7333,37.1667,33.3,86,53,2.39,broken clouds,RU,2022-05-02 00:54:03
113,Guapiles,10.2159,-83.7866,83.21,96,100,2.13,overcast clouds,CR,2022-05-02 00:54:03
114,Coihaique,-45.5752,-72.0662,44.55,87,40,4.61,scattered clouds,CL,2022-05-02 00:45:36
115,Oranjemund,-28.55,16.4333,68.61,21,0,11.43,clear sky,NA,2022-05-02 00:54:04
116,Jamestown,42.097,-79.2353,55.02,93,100,13.8,overcast clouds,US,2022-05-02 00:48:34
117,Vaini,-21.2,-175.2,82.56,83,75,14.97,broken clouds,TO,2022-05-02 00:46:59
118,Ardakan,32.31,54.0175,64.42,58,4,7.49,clear sky,IR,2022-05-02 00:54:04
119,Sitka,57.0531,-135.33,42.69,93,100,5.06,light rain,US,2022-05-02 00:54:05
120,Ilulissat,69.2167,-51.1,21.22,63,9,0.0,clear sky,GL,2022-05-02 00:44:43
121,Bungoma,0.5635,34.5606,61.18,90,100,2.93,overcast clouds,KE,2022-05-02 00:54:06
122,Shingu,33.7333,135.9833,64.67,32,82,2.89,broken clouds,JP,2022-05-02 00:54:06
123,Katsuura,35.1333,140.3,58.6,59,100,9.98,overcast clouds,JP,2022-05-02 00:54:07
124,Deer Lake,49.1667,-57.4316,35.46,93,100,0.0,overcast clouds,CA,2022-05-02 00:54:07
125,Opelousas,30.5335,-92.0815,70.88,100,75,0.0,light intensity drizzle,US,2022-05-02 00:54:08
126,Pevek,69.7008,170.3133,19.85,70,100,8.21,overcast clouds,RU,2022-05-02 00:45:37
127,Morant Bay,17.8815,-76.4093,82.02,87,95,10.11,overcast clouds,JM,2022-05-02 00:54:08
128,Yook,13.2261,121.964,83.68,74,100,6.33,overcast clouds,PH,2022-05-02 00:54:08
129,Bolshaya Rechka,51.9503,104.7355,52.07,48,99,1.57,overcast clouds,RU,2022-05-02 00:54:09
130,Grand Gaube,-20.0064,57.6608,72.37,81,3,7.72,clear sky,MU,2022-05-02 00:54:10
131,Jardim,-21.4803,-56.1381,79.39,44,100,3.24,overcast clouds,BR,2022-05-02 00:54:10
132,Sao Felix Do Xingu,-6.6447,-51.995,75.99,83,53,2.42,broken clouds,BR,2022-05-02 00:54:11
133,Buala,-8.145,159.5921,84.76,70,98,4.38,light rain,SB,2022-05-02 00:54:12
134,Carnarvon,-24.8667,113.6333,69.87,52,0,10.36,clear sky,AU,2022-05-02 00:50:27
135,Ribeira Grande,38.5167,-28.7,62.24,83,11,3.06,few clouds,PT,2022-05-02 00:45:51
136,Ratnagiri,16.9833,73.3,80.29,83,5,3.76,clear sky,IN,2022-05-02 00:55:12
137,Bonavista,48.6499,-53.1147,36.99,96,100,3.04,overcast clouds,CA,2022-05-02 00:55:13
138,Pychas,56.5033,52.4409,32.43,71,68,8.5,broken clouds,RU,2022-05-02 00:55:14
139,Port Lincoln,-34.7333,135.8667,64.51,68,0,10.8,clear sky,AU,2022-05-02 00:55:14
140,Narsaq,60.9167,-46.05,39.45,80,100,1.72,overcast clouds,GL,2022-05-02 00:55:15
141,Taseyevo,57.2169,94.8978,38.88,83,100,13.6,overcast clouds,RU,2022-05-02 00:55:16
142,Mahebourg,-20.4081,57.7,72.25,94,20,1.14,few clouds,MU,2022-05-02 00:55:16
143,Huarmey,-10.0681,-78.1522,66.45,85,100,7.67,overcast clouds,PE,2022-05-02 00:55:16
144,Omsukchan,62.5333,155.8,29.01,89,52,7.94,broken clouds,RU,2022-05-02 00:55:17
145,Itoman,26.1247,127.6694,66.22,82,75,10.36,light rain,JP,2022-05-02 00:53:29
146,Bethel,41.3712,-73.414,57.42,56,100,4.0,overcast clouds,US,2022-05-02 00:55:18
147,Tulun,54.5611,100.5792,48.69,83,100,8.95,overcast clouds,RU,2022-05-02 00:55:18
148,Agadez,19.75,10.25,84.79,11,7,10.78,clear sky,NE,2022-05-02 00:55:19
149,Porto Torres,40.835,8.3972,50.18,89,9,4.54,clear sky,IT,2022-05-02 00:55:20
150,Souillac,-20.5167,57.5167,71.98,94,20,1.14,few clouds,MU,2022-05-02 00:55:20
151,Bulgan,48.8125,103.5347,60.15,21,28,3.94,scattered clouds,MN,2022-05-02 00:55:21
152,Cherskiy,68.75,161.3,29.48,86,48,10.71,scattered clouds,RU,2022-05-02 00:55:21
153,Norman Wells,65.282,-126.8329,53.64,37,40,20.71,scattered clouds,CA,2022-05-02 00:55:22
154,Sao Filipe,14.8961,-24.4956,73.04,73,0,7.7,clear sky,CV,2022-05-02 00:55:23
155,Saint George,37.1041,-113.5841,73.99,13,0,27.63,clear sky,US,2022-05-02 00:51:01
156,Nikolskoye,59.7035,30.7861,39.7,93,47,5.14,scattered clouds,RU,2022-05-02 00:55:23
157,Hamilton,39.1834,-84.5333,71.04,38,0,13.8,clear sky,US,2022-05-02 00:50:31
158,Chuy,-33.6971,-53.4616,50.56,83,0,6.96,clear sky,UY,2022-05-02 00:52:39
159,Asahikawa,43.7678,142.3703,49.21,76,75,6.91,broken clouds,JP,2022-05-02 00:55:24
160,Katobu,-4.9408,122.5276,85.14,64,7,7.72,clear sky,ID,2022-05-02 00:55:24
161,Tungor,53.3808,142.9564,33.98,96,100,7.54,overcast clouds,RU,2022-05-02 00:55:25
162,Batemans Bay,-35.7167,150.1833,62.1,48,1,3.27,clear sky,AU,2022-05-02 00:55:25
163,Maumere,-8.6199,122.2111,85.24,66,89,5.82,overcast clouds,ID,2022-05-02 00:55:26
164,Ayan,56.45,138.1667,30.63,91,96,5.3,overcast clouds,RU,2022-05-02 00:55:27
165,Talnakh,69.4865,88.3972,20.21,94,100,7.65,light snow,RU,2022-05-02 00:55:27
166,Marevo,57.3146,32.0804,33.98,79,12,4.65,few clouds,RU,2022-05-02 00:55:28
167,Esso,55.9333,158.7,33.31,83,99,4.03,overcast clouds,RU,2022-05-02 00:55:29
168,Krasnyy Oktyabr,56.1167,38.8833,36.59,93,82,3.87,broken clouds,RU,2022-05-02 00:55:29
169,Komsomolskiy,40.4272,71.7189,66.92,55,100,4.61,overcast clouds,UZ,2022-05-02 00:55:30
170,Taltal,-25.4,-70.4833,60.75,82,29,3.4,scattered clouds,CL,2022-05-02 00:55:31
171,Kula,38.5473,28.6498,52.99,69,99,3.13,overcast clouds,TR,2022-05-02 00:55:31
172,Tuktoyaktuk,69.4541,-133.0374,37.4,75,75,11.5,broken clouds,CA,2022-05-02 00:55:32
173,Esperance,-33.8667,121.9,58.84,58,14,8.63,few clouds,AU,2022-05-02 00:55:32
174,Coahuayana,18.7333,-103.6833,78.1,58,6,4.16,clear sky,MX,2022-05-02 00:55:33
175,Bathsheba,13.2167,-59.5167,79.48,75,100,14.76,overcast clouds,BB,2022-05-02 00:55:33
176,Abhar,36.1468,49.218,49.78,88,100,3.27,overcast clouds,IR,2022-05-02 00:55:34
177,Himare,40.1017,19.7447,61.09,79,100,3.29,overcast clouds,AL,2022-05-02 00:55:35
178,Scarborough,54.2797,-0.4044,52.65,86,100,3.53,overcast clouds,GB,2022-05-02 00:54:38
179,Gondanglegi,-7.7479,112.0132,81.95,80,89,4.36,overcast clouds,ID,2022-05-02 00:55:35
180,Muroto,33.2833,134.15,60.84,52,100,4.03,overcast clouds,JP,2022-05-02 00:56:36
181,Diapaga,12.0708,1.7889,87.91,30,99,5.61,overcast clouds,BF,2022-05-02 00:56:36
182,Gonen,40.1049,27.654,50.0,93,99,5.03,overcast clouds,TR,2022-05-02 00:56:37
183,Port Shepstone,-30.7414,30.455,62.46,77,0,7.7,clear sky,ZA,2022-05-02 00:56:38
184,Kavieng,-2.5744,150.7967,84.94,71,86,9.6,overcast clouds,PG,2022-05-02 00:56:38
185,Kodiak,57.79,-152.4072,39.31,88,98,12.37,overcast clouds,US,2022-05-02 00:56:39
186,Casas Grandes,30.3667,-107.95,75.97,9,0,20.36,clear sky,MX,2022-05-02 00:56:39
187,Lata,40.1629,-8.3327,57.07,81,97,6.51,overcast clouds,PT,2022-05-02 00:56:40
188,Mendi,-6.1761,143.6513,67.95,74,33,4.03,scattered clouds,PG,2022-05-02 00:56:41
189,Georgetown,5.4112,100.3354,82.33,93,20,6.91,few clouds,MY,2022-05-02 00:54:24
190,Lisakovsk,52.5369,62.4936,41.29,70,14,15.01,few clouds,KZ,2022-05-02 00:56:41
191,Nouakchott,18.0858,-15.9785,66.13,82,5,14.43,clear sky,MR,2022-05-02 00:56:42
192,Luanda,-8.8368,13.2343,78.8,89,75,2.3,broken clouds,AO,2022-05-02 00:55:44
193,Port Hedland,-20.3167,118.5667,78.85,57,99,10.36,overcast clouds,AU,2022-05-02 00:53:09
194,Lagoa,39.05,-27.9833,60.96,82,9,2.75,clear sky,PT,2022-05-02 00:56:44
195,Saint-Georges,12.0564,-61.7485,80.28,78,20,11.5,few clouds,GD,2022-05-02 00:53:46
196,Kropotkin,45.4375,40.5756,49.23,96,100,16.82,light rain,RU,2022-05-02 00:56:44
197,Acapulco,16.8634,-99.8901,80.98,60,36,5.19,scattered clouds,MX,2022-05-02 00:56:45
198,Flinders,-34.5833,150.8552,73.38,70,2,5.99,clear sky,AU,2022-05-02 00:56:45
199,Honavar,14.2833,74.45,83.52,68,94,5.82,overcast clouds,IN,2022-05-02 00:56:46
200,Aldan,58.6031,125.3894,28.98,80,100,15.61,overcast clouds,RU,2022-05-02 00:56:46
201,Comodoro Rivadavia,-45.8667,-67.5,48.06,87,20,3.44,few clouds,AR,2022-05-02 00:56:47
202,Balakhta,55.38,91.6,52.12,69,71,5.26,broken clouds,RU,2022-05-02 00:56:47
203,Ambon,-3.6954,128.1814,95.14,55,40,4.61,scattered clouds,ID,2022-05-02 00:56:48
204,Ust-Tsilma,65.441,52.1498,22.89,94,100,4.63,overcast clouds,RU,2022-05-02 00:56:48
205,Nemuro,43.3236,145.575,41.05,96,100,28.83,overcast clouds,JP,2022-05-02 00:56:49
206,Mahajanga,-15.7167,46.3167,75.22,73,20,3.44,few clouds,MG,2022-05-02 00:56:50
207,Kjollefjord,70.9457,27.3465,28.45,79,95,15.61,overcast clouds,NO,2022-05-02 00:56:50
208,Wanning,18.8003,110.3967,69.21,95,100,16.46,overcast clouds,CN,2022-05-02 00:56:51
209,Husavik,66.0449,-17.3389,27.36,75,100,8.41,overcast clouds,IS,2022-05-02 00:56:51
210,Bataipora,-22.2953,-53.2711,74.77,61,70,0.63,broken clouds,BR,2022-05-02 00:56:52
211,Touros,-5.1989,-35.4608,79.18,83,98,10.8,overcast clouds,BR,2022-05-02 00:55:25
212,Nalut,30.3333,10.85,54.97,68,0,7.58,clear sky,LY,2022-05-02 00:56:53
213,Safotu,-13.4513,-172.4018,82.11,79,95,5.64,light rain,WS,2022-05-02 00:56:53
214,Codrington,-38.2667,141.9667,66.97,56,100,12.62,overcast clouds,AU,2022-05-02 00:56:54
215,Cockburn Town,21.4612,-71.1419,75.16,83,75,8.05,broken clouds,TC,2022-05-02 00:52:04
216,Phuket,8.0,98.25,86.09,83,20,1.14,few clouds,TH,2022-05-02 00:56:04
217,Tuatapere,-46.1333,167.6833,61.14,67,7,7.4,clear sky,NZ,2022-05-02 00:56:54
218,Linxia,35.6003,103.2064,46.98,44,0,0.47,clear sky,CN,2022-05-02 00:56:55
219,Dargaville,-35.9333,173.8833,68.61,56,96,6.53,overcast clouds,NZ,2022-05-02 00:56:55
220,Hervey Bay,-25.2986,152.8535,71.02,89,100,5.99,light rain,AU,2022-05-02 00:56:56
221,Pullman,46.7313,-117.1796,59.23,66,100,4.0,overcast clouds,US,2022-05-02 00:55:40
222,Rondonopolis,-16.4708,-54.6356,74.17,50,6,3.04,clear sky,BR,2022-05-02 00:54:03
223,Marsh Harbour,26.5412,-77.0636,74.46,78,30,17.83,scattered clouds,BS,2022-05-02 00:56:57
224,Sabang,5.8933,95.3214,83.73,74,100,17.92,overcast clouds,ID,2022-05-02 00:56:57
225,Mehamn,71.0357,27.8492,25.47,78,96,13.96,overcast clouds,NO,2022-05-02 00:57:58
226,Ahipara,-35.1667,173.1667,68.58,60,100,6.49,overcast clouds,NZ,2022-05-02 00:57:59
227,San Patricio,28.017,-97.5169,81.18,81,97,15.5,overcast clouds,US,2022-05-02 00:57:59
228,La Cruz,23.9167,-106.9,76.82,58,62,4.74,broken clouds,MX,2022-05-02 00:58:00
229,Clyde River,70.4692,-68.5914,8.83,85,100,12.66,light snow,CA,2022-05-02 00:53:27
230,Prainha,-1.8,-53.48,74.53,96,100,4.38,overcast clouds,BR,2022-05-02 00:58:01
231,Robertsport,6.7533,-11.3686,81.93,80,100,5.79,moderate rain,LR,2022-05-02 00:58:01
232,Westport,41.1415,-73.3579,57.45,55,100,6.51,overcast clouds,US,2022-05-02 00:58:02
233,North Bend,43.4065,-124.2243,63.25,89,100,5.01,overcast clouds,US,2022-05-02 00:58:02
234,Amapa,1.0,-52.0,72.61,99,100,2.37,overcast clouds,BR,2022-05-02 00:58:03
235,Wang Saphung,17.301,101.7685,73.42,83,75,0.0,broken clouds,TH,2022-05-02 00:58:03
236,Vostok,46.4856,135.8833,41.47,58,100,4.05,overcast clouds,RU,2022-05-02 00:58:04
237,Huallanca,-9.8993,-76.9417,43.59,89,43,2.37,scattered clouds,PE,2022-05-02 00:58:06
238,Dwarka,22.2394,68.9678,83.25,78,0,14.54,clear sky,IN,2022-05-02 00:58:06
239,Valparaiso,-33.0393,-71.6273,56.48,72,0,2.3,clear sky,CL,2022-05-02 00:58:07
240,Oyama,36.3,139.8,60.58,49,25,3.51,scattered clouds,JP,2022-05-02 00:58:08
241,Karaton,-6.3424,106.1045,80.37,81,93,0.89,overcast clouds,ID,2022-05-02 00:58:08
242,Rio Grande,-32.035,-52.0986,49.95,74,10,9.4,clear sky,BR,2022-05-02 00:58:08
243,Coro,11.4045,-69.6734,80.8,81,90,15.59,overcast clouds,VE,2022-05-02 00:58:09
244,Ngunguru,-35.6167,174.5,66.22,65,97,8.9,overcast clouds,NZ,2022-05-02 00:58:09
245,Provideniya,64.3833,-173.3,29.44,56,8,12.19,clear sky,RU,2022-05-02 00:58:10
246,Presidencia Roque Saenz Pena,-26.7852,-60.4388,59.43,96,97,5.37,overcast clouds,AR,2022-05-02 00:57:01
247,Le Port,-20.9373,55.2919,73.62,76,0,2.66,clear sky,RE,2022-05-02 00:58:11
248,Mineiros,-17.5694,-52.5511,67.46,51,1,1.9,clear sky,BR,2022-05-02 00:58:11
249,Deputatskiy,69.3,139.9,30.16,83,100,0.69,overcast clouds,RU,2022-05-02 00:58:12
250,Burns Lake,54.2331,-125.7533,51.22,58,100,4.43,overcast clouds,CA,2022-05-02 00:58:12
251,Alamos,27.0167,-108.9333,81.61,31,0,7.61,clear sky,MX,2022-05-02 00:58:13
252,Alugan,12.2188,125.4808,83.52,70,100,7.76,overcast clouds,PH,2022-05-02 00:58:14
253,Hostotipaquillo,21.0667,-104.0667,81.19,17,1,7.99,clear sky,MX,2022-05-02 00:58:14
254,Ketchikan,55.3422,-131.6461,44.58,92,100,10.76,moderate rain,US,2022-05-02 00:58:15
255,San Cristobal,7.7669,-72.225,78.98,95,94,3.18,overcast clouds,VE,2022-05-02 00:58:16
256,Fonte Boa,-2.4959,-66.2662,72.1,99,100,0.63,light rain,BR,2022-05-02 00:58:16
257,Amalapuram,16.5833,82.0167,81.86,88,88,1.48,overcast clouds,IN,2022-05-02 00:58:17
258,Ostersund,63.1792,14.6357,41.45,56,20,11.5,few clouds,SE,2022-05-02 00:58:17
259,Monkey Hill,17.3167,-62.7167,79.14,89,20,8.05,few clouds,KN,2022-05-02 00:58:18
260,Pekalongan,-6.8886,109.6753,83.25,74,93,1.48,overcast clouds,ID,2022-05-02 00:58:19
261,Kajaani,64.2273,27.7285,35.65,64,20,6.91,few clouds,FI,2022-05-02 00:58:19
262,Ancud,-41.8697,-73.8203,50.0,92,32,3.62,scattered clouds,CL,2022-05-02 00:58:20
263,Aklavik,68.2191,-135.0107,38.14,88,100,14.5,overcast clouds,CA,2022-05-02 00:58:20
264,Ukiah,39.1502,-123.2078,76.64,29,0,12.66,clear sky,US,2022-05-02 00:54:36
265,Wajima,37.4,136.9,54.28,76,40,3.44,scattered clouds,JP,2022-05-02 00:58:21
266,Alpoyeca,17.6667,-98.5167,85.53,32,100,7.94,overcast clouds,MX,2022-05-02 00:58:21
267,Portland,45.5234,-122.6762,67.66,53,100,1.99,overcast clouds,US,2022-05-02 00:55:34
268,Longyearbyen,78.2186,15.6401,12.04,67,100,2.3,overcast clouds,SJ,2022-05-02 00:58:22
269,Kapit,2.0167,112.9333,79.39,90,91,2.35,overcast clouds,MY,2022-05-02 00:58:23
270,Karratha,-20.7377,116.8463,82.94,45,100,16.64,overcast clouds,AU,2022-05-02 00:59:23
271,Asyut,27.181,31.1837,71.78,25,11,6.15,few clouds,EG,2022-05-02 00:59:23
272,Leningradskiy,69.3833,178.4167,18.77,75,80,8.88,broken clouds,RU,2022-05-02 00:59:24
273,La Ronge,55.1001,-105.2842,37.65,52,40,10.36,scattered clouds,CA,2022-05-02 00:59:24
274,Sao Joao Da Barra,-21.6403,-41.0511,76.3,83,29,13.11,scattered clouds,BR,2022-05-02 00:59:25
275,Kuching,1.55,110.3333,77.22,94,40,4.61,moderate rain,MY,2022-05-02 00:59:26
276,Port Macquarie,-31.4333,152.9167,70.9,57,63,3.47,broken clouds,AU,2022-05-02 00:59:26
277,Mazara Del Vallo,37.6641,12.588,57.54,77,4,1.39,clear sky,IT,2022-05-02 00:59:27
278,Sakakah,29.9697,40.2064,69.37,39,0,9.04,clear sky,SA,2022-05-02 00:58:25
279,Winton,37.3894,-120.6133,77.99,29,0,13.65,clear sky,US,2022-05-02 00:59:27
280,Manyana,-23.4,21.7167,60.37,46,1,7.09,clear sky,BW,2022-05-02 00:59:28
281,Bozoum,6.3193,16.3799,68.79,90,92,4.61,overcast clouds,CF,2022-05-02 00:59:28
282,Teguldet,57.3064,88.1667,40.62,87,100,9.08,overcast clouds,RU,2022-05-02 00:59:29
283,San Fernando,15.0286,120.6898,89.33,48,47,5.23,scattered clouds,PH,2022-05-02 00:59:30
284,Genhe,50.7833,121.5167,49.35,37,100,14.38,overcast clouds,CN,2022-05-02 00:59:30
285,Hovd,48.0056,91.6419,57.27,16,24,6.38,few clouds,MN,2022-05-02 00:58:35
286,Muisne,0.6,-80.0333,76.48,83,91,5.21,overcast clouds,EC,2022-05-02 00:59:31
287,Raudeberg,61.9875,5.1352,45.27,83,100,24.63,light rain,NO,2022-05-02 00:59:31
288,Klaksvik,62.2266,-6.589,40.12,71,63,22.84,broken clouds,FO,2022-05-02 00:59:32
289,Marzuq,14.4,46.4667,75.38,50,23,2.01,few clouds,YE,2022-05-02 00:59:32
290,Dibulla,11.2725,-73.3091,80.6,86,100,0.85,overcast clouds,CO,2022-05-02 00:59:33
291,Okhotsk,59.3833,143.3,36.52,81,44,8.86,scattered clouds,RU,2022-05-02 00:59:34
292,Male,4.1748,73.5089,85.95,74,75,20.71,broken clouds,MV,2022-05-02 00:55:17
293,Namie,37.4833,141.0,59.99,63,4,8.5,clear sky,JP,2022-05-02 00:59:35
294,Chapais,49.7834,-74.8492,53.38,93,58,5.77,broken clouds,CA,2022-05-02 00:58:31
295,Lompoc,34.6391,-120.4579,67.57,69,0,28.01,clear sky,US,2022-05-02 00:57:36
296,Payo,-3.7508,103.6372,76.62,88,100,0.25,overcast clouds,ID,2022-05-02 00:59:36
297,Byron Bay,-28.65,153.6167,73.29,55,49,12.44,scattered clouds,AU,2022-05-02 00:59:36
298,Den Helder,52.9599,4.7593,46.96,83,90,8.05,overcast clouds,NL,2022-05-02 00:59:37
299,Inhambane,-23.865,35.3833,68.38,85,14,8.39,light rain,MZ,2022-05-02 00:59:37
300,Boma,7.0805,-2.1697,73.26,97,100,1.83,overcast clouds,GH,2022-05-02 00:59:38
301,Jining,35.405,116.5814,71.87,23,0,5.32,clear sky,CN,2022-05-02 00:55:32
302,Torbay,47.6666,-52.7314,43.57,90,75,4.0,broken clouds,CA,2022-05-02 00:58:06
303,Saint-Francois,46.4154,3.9054,41.68,100,67,0.0,broken clouds,FR,2022-05-02 00:59:39
304,Saldanha,-33.0117,17.9442,55.45,69,24,7.14,few clouds,ZA,2022-05-02 00:59:39
305,Bac Lieu,9.285,105.7244,84.79,72,51,6.17,broken clouds,VN,2022-05-02 00:59:40
306,Tigil,57.8,158.6667,34.02,92,97,7.92,overcast clouds,RU,2022-05-02 00:59:40
307,Humaita,-7.5061,-63.0208,75.27,96,99,2.24,overcast clouds,BR,2022-05-02 00:59:41
308,Alice Springs,-23.7,133.8833,65.75,45,45,11.5,scattered clouds,AU,2022-05-02 00:59:42
309,Singarayakonda,15.25,80.0333,83.32,81,32,9.15,scattered clouds,IN,2022-05-02 00:59:42
310,Alirajpur,22.3031,74.3546,81.52,73,0,13.18,clear sky,IN,2022-05-02 00:59:43
311,Chiredzi,-21.05,31.6667,61.43,84,7,4.7,clear sky,ZW,2022-05-02 00:59:43
312,Bagotville,-28.9833,153.4167,73.22,78,59,11.27,broken clouds,AU,2022-05-02 00:59:44
313,Okha,53.5739,142.9478,33.69,94,100,7.58,overcast clouds,RU,2022-05-02 00:59:45
314,Ipora,-16.4419,-51.1178,68.13,49,0,1.41,clear sky,BR,2022-05-02 00:59:45
315,Hithadhoo,-0.6,73.0833,85.53,72,100,17.67,overcast clouds,MV,2022-05-02 00:59:46
316,Naze,28.3667,129.4833,65.32,56,100,9.06,overcast clouds,JP,2022-05-02 00:59:46
317,Jacareacanga,-6.2222,-57.7528,74.44,94,67,2.73,broken clouds,BR,2022-05-02 00:59:47
318,Basco,20.4487,121.9702,79.05,80,100,22.77,overcast clouds,PH,2022-05-02 00:59:48
319,Zonguldak,41.25,31.8333,43.0,95,6,3.24,clear sky,TR,2022-05-02 01:00:24
320,Kilingi-Nomme,58.1503,24.9642,29.61,93,9,1.97,clear sky,EE,2022-05-02 01:00:49
321,Black River,18.0264,-77.8487,77.95,85,100,4.23,overcast clouds,JM,2022-05-02 00:59:20
322,Marana,32.4367,-111.2254,92.62,7,0,16.11,clear sky,US,2022-05-02 00:59:16
323,Baruun-Urt,46.6806,113.2792,60.19,35,25,12.66,scattered clouds,MN,2022-05-02 01:00:50
324,Porto Novo,6.4965,2.6036,79.83,85,100,3.6,light rain,BJ,2022-05-02 01:00:50
325,Tabou,4.423,-7.3528,80.67,81,34,7.16,scattered clouds,CI,2022-05-02 01:00:51
326,Cap Malheureux,-19.9842,57.6142,73.47,80,2,7.76,clear sky,MU,2022-05-02 01:00:51
327,Kahului,20.8947,-156.47,76.84,87,70,14.0,broken clouds,US,2022-05-02 01:00:40
328,Tiznit,29.5833,-9.5,61.99,44,0,2.37,clear sky,MA,2022-05-02 01:00:52
329,Harper,4.375,-7.7169,80.67,81,34,7.43,scattered clouds,LR,2022-05-02 01:00:53
330,Stirion,38.4,22.7167,51.89,72,100,1.88,overcast clouds,GR,2022-05-02 01:00:53
331,Khatanga,71.9667,102.5,18.16,86,97,11.65,overcast clouds,RU,2022-05-02 01:00:54
332,Arenapolis,-14.4503,-56.8461,75.63,57,87,2.33,overcast clouds,BR,2022-05-02 01:00:54
333,Lakes Entrance,-37.8811,147.981,67.15,52,92,2.53,overcast clouds,AU,2022-05-02 01:00:55
334,Lalibela,12.0333,39.0333,60.37,58,20,6.78,few clouds,ET,2022-05-02 01:00:56
335,Xai-Xai,-25.0519,33.6442,68.14,87,14,7.83,light rain,MZ,2022-05-02 01:00:56
336,Saskylakh,71.9167,114.0833,16.14,90,34,5.73,scattered clouds,RU,2022-05-02 01:00:57
337,Chanika,-5.4167,38.0167,65.07,96,72,2.73,broken clouds,TZ,2022-05-02 01:00:57
338,Gornopravdinsk,60.05,69.9,35.04,72,90,5.03,overcast clouds,RU,2022-05-02 01:00:58
339,Ikalamavony,-21.15,46.5833,58.86,77,0,4.09,clear sky,MG,2022-05-02 01:00:59
340,Sioux Lookout,50.1001,-91.917,35.83,100,100,3.85,overcast clouds,CA,2022-05-02 01:00:34
341,Lyngdal,58.1376,7.07,46.99,76,89,10.89,overcast clouds,NO,2022-05-02 01:00:59
342,Brockville,44.5834,-75.6826,59.29,76,100,8.1,overcast clouds,CA,2022-05-02 00:59:14
343,Noumea,-22.2763,166.4572,84.18,99,44,13.8,scattered clouds,NC,2022-05-02 00:59:53
344,Mazamari,-11.3258,-74.5308,72.18,92,74,1.05,broken clouds,PE,2022-05-02 01:01:00
345,Bafra,41.5678,35.9069,55.81,88,26,7.47,scattered clouds,TR,2022-05-02 01:01:01
346,Arraias,-12.9288,-46.9437,72.64,50,27,2.77,scattered clouds,BR,2022-05-02 01:01:01
347,Kimbe,-5.5502,150.1429,87.55,64,7,4.38,clear sky,PG,2022-05-02 01:01:02
348,Jawhar,2.7809,45.5005,77.43,88,100,7.99,light rain,SO,2022-05-02 01:01:02
349,Pangnirtung,66.1451,-65.7125,26.76,97,100,4.97,light snow,CA,2022-05-02 01:01:03
350,Sinnamary,5.3833,-52.95,77.79,84,95,11.14,overcast clouds,GF,2022-05-02 01:01:04
351,Qom,34.6401,50.8764,64.2,52,91,1.63,overcast clouds,IR,2022-05-02 01:01:04
352,Olinda,-8.0089,-34.8553,78.15,83,38,7.56,scattered clouds,BR,2022-05-02 01:01:05
353,Sylvan Lake,52.3168,-114.0853,57.34,34,99,12.12,overcast clouds,CA,2022-05-02 01:01:05
354,Aykhal,66.0,111.5,20.79,85,21,14.94,few clouds,RU,2022-05-02 01:01:06
355,Mantua,45.1667,10.7833,56.01,85,11,1.99,few clouds,IT,2022-05-02 01:01:07
356,Ayni,39.3941,68.5377,63.73,56,100,8.68,overcast clouds,TJ,2022-05-02 01:01:07
357,Tete,-16.1564,33.5867,62.69,94,0,0.0,clear sky,MZ,2022-05-02 01:01:08
358,Cayenne,4.9333,-52.3333,82.09,6,40,7.0,scattered clouds,GF,2022-05-02 01:01:09
359,The Valley,18.217,-63.0578,79.83,81,100,17.72,overcast clouds,AI,2022-05-02 01:01:09
360,College,64.8569,-147.8028,56.59,35,100,6.8,overcast clouds,US,2022-05-02 01:01:10
361,Marawi,7.9986,124.2928,77.63,79,97,1.25,overcast clouds,PH,2022-05-02 01:01:10
362,Canutama,-6.5339,-64.3831,74.62,97,87,2.64,overcast clouds,BR,2022-05-02 01:01:11
363,Suntar,62.1444,117.6319,27.57,53,96,13.27,overcast clouds,RU,2022-05-02 01:01:12
364,Dalian,38.9122,121.6022,60.73,17,0,4.47,clear sky,CN,2022-05-02 01:01:12
365,Waingapu,-9.6567,120.2641,84.94,69,46,16.6,scattered clouds,ID,2022-05-02 01:01:13
366,Bardiyah,31.7561,25.0865,68.27,61,100,18.52,overcast clouds,LY,2022-05-02 00:59:37
367,Lorengau,-2.0226,147.2712,83.14,76,100,2.17,overcast clouds,PG,2022-05-02 01:02:13
368,Lavrentiya,65.5833,-171.0,18.9,73,11,11.5,few clouds,RU,2022-05-02 01:02:14
369,Andenes,69.3143,16.1194,33.78,93,100,9.22,overcast clouds,NO,2022-05-02 00:59:24
370,Gasa,31.5,34.4667,61.65,90,32,4.09,scattered clouds,PS,2022-05-02 01:02:15
371,Swift Current,50.2834,-107.8014,54.88,38,97,8.19,overcast clouds,CA,2022-05-02 01:00:35
372,Russell,32.3502,-85.1999,74.91,81,2,1.99,clear sky,US,2022-05-02 01:00:35
373,Santa Cruz Del Sur,20.7147,-77.9956,78.87,71,28,17.05,light rain,CU,2022-05-02 01:02:15
374,Denpasar,-8.65,115.2167,85.71,79,20,10.36,few clouds,ID,2022-05-02 01:01:01
375,Vestmanna,62.1564,-7.1664,38.32,70,75,21.85,broken clouds,FO,2022-05-02 00:59:35
376,Cochabamba,-17.3895,-66.1568,64.15,45,18,5.75,few clouds,BO,2022-05-02 01:02:16
377,Bowen,-20.0167,148.2333,78.3,72,60,15.41,broken clouds,AU,2022-05-02 01:02:16
378,Huntington Beach,33.6603,-117.9992,72.75,74,37,3.0,scattered clouds,US,2022-05-02 01:00:01
379,Fukue,32.6881,128.8419,62.96,42,100,11.54,overcast clouds,JP,2022-05-02 01:02:17
380,Waw,7.7029,27.9953,79.03,55,78,7.61,broken clouds,SS,2022-05-02 01:02:18
381,Kulhudhuffushi,6.6221,73.07,85.08,75,100,14.23,overcast clouds,MV,2022-05-02 01:02:18
382,Arman,59.7,150.1667,44.02,78,63,4.76,broken clouds,RU,2022-05-02 01:02:19
383,Nanga Eboko,4.6833,12.3667,67.8,99,95,0.63,overcast clouds,CM,2022-05-02 01:02:19
384,Tyazhinskiy,56.116,88.524,45.5,80,100,3.96,overcast clouds,RU,2022-05-02 01:02:20
385,Tucuma,-0.1833,-50.05,74.73,96,100,5.5,overcast clouds,BR,2022-05-02 01:02:21
386,Luderitz,-26.6481,15.1594,73.06,24,0,12.08,clear sky,NA,2022-05-02 01:02:21
387,Show Low,34.2542,-110.0298,68.61,12,0,31.07,clear sky,US,2022-05-02 01:02:22
388,Varangaon,21.0167,75.9,83.84,62,6,13.8,clear sky,IN,2022-05-02 01:02:22
389,Sernur,56.9333,49.1536,33.31,78,85,10.58,overcast clouds,RU,2022-05-02 01:02:23
390,Abilene,32.4487,-99.7331,79.09,55,100,17.81,overcast clouds,US,2022-05-02 01:02:00
391,Samarai,-10.6167,150.6667,82.94,74,62,8.63,broken clouds,PG,2022-05-02 01:02:24
392,Kurilsk,45.2333,147.8833,38.95,81,100,20.15,moderate rain,RU,2022-05-02 01:02:24
393,Mitsamiouli,-11.3847,43.2844,80.56,72,7,14.45,clear sky,KM,2022-05-02 01:02:24
394,Pabrade,55.0,25.7833,38.25,94,97,3.78,overcast clouds,LT,2022-05-02 00:59:14
395,Nha Trang,12.25,109.1833,84.2,78,97,3.8,overcast clouds,VN,2022-05-02 01:02:25
396,Luba,3.4568,8.5547,81.1,83,100,7.43,light rain,GQ,2022-05-02 01:02:26
397,Qesarya,32.5189,34.9046,64.96,89,97,7.92,overcast clouds,IL,2022-05-02 01:02:26
398,Akyab,20.15,92.9,81.1,75,5,2.06,clear sky,MM,2022-05-02 01:02:27
399,Kutum,14.2,24.6667,77.45,11,38,5.12,scattered clouds,SD,2022-05-02 01:02:27
400,Stony Plain,53.5334,-114.0021,52.43,88,75,9.22,broken clouds,CA,2022-05-02 01:00:20
401,Issenye,-2.0,34.3333,60.44,96,87,3.24,overcast clouds,TZ,2022-05-02 01:02:28
402,High Level,58.5169,-117.136,47.21,72,68,6.96,broken clouds,CA,2022-05-02 01:02:28
403,Pochutla,15.7432,-96.4661,82.81,62,100,4.92,overcast clouds,MX,2022-05-02 01:02:29
404,San Andres,12.5847,-81.7006,81.43,86,97,15.35,overcast clouds,CO,2022-05-02 01:02:30
405,Uribia,11.7139,-72.266,86.0,61,100,7.11,overcast clouds,CO,2022-05-02 01:02:30
406,Tiksi,71.6872,128.8694,17.17,82,60,11.01,broken clouds,RU,2022-05-02 01:02:31
407,Porto Velho,-8.7619,-63.9039,77.05,94,0,2.3,clear sky,BR,2022-05-02 01:02:31
408,Anchorage,61.2181,-149.9003,49.86,47,36,7.76,scattered clouds,US,2022-05-02 00:58:26
409,Sorland,67.667,12.6934,36.61,73,100,23.2,overcast clouds,NO,2022-05-02 01:02:32
410,Slave Lake,55.2834,-114.769,40.98,93,100,10.36,overcast clouds,CA,2022-05-02 01:03:33
411,Nouadhibou,20.931,-17.0347,67.14,78,0,19.75,clear sky,MR,2022-05-02 01:00:57
412,Minuri,16.535,121.8574,84.61,57,82,0.85,broken clouds,PH,2022-05-02 01:03:33
413,Hofn,64.2539,-15.2082,34.45,60,100,13.18,overcast clouds,IS,2022-05-02 01:03:34
414,Rafai,4.95,23.9167,67.41,98,100,2.24,overcast clouds,CF,2022-05-02 01:03:34
415,Wangqing,43.3218,129.7634,46.11,54,97,7.74,overcast clouds,CN,2022-05-02 01:03:35
416,Aguililla,18.7333,-102.7333,80.42,20,49,7.49,scattered clouds,MX,2022-05-02 01:03:35
417,Chokurdakh,70.6333,147.9167,30.07,89,41,10.45,scattered clouds,RU,2022-05-02 01:03:36
418,Yeniseysk,58.4497,92.1703,35.13,83,100,15.5,overcast clouds,RU,2022-05-02 01:03:37
419,Evensk,61.95,159.2333,31.14,77,18,2.28,few clouds,RU,2022-05-02 01:03:37
420,Nanortalik,60.1432,-45.2371,37.09,84,100,4.59,overcast clouds,GL,2022-05-02 01:03:38
421,Bereda,43.2686,-7.5406,52.41,98,100,2.21,overcast clouds,ES,2022-05-02 01:03:38
422,Severo-Kurilsk,50.6789,156.125,36.23,85,83,8.43,broken clouds,RU,2022-05-02 01:03:39
423,General Pico,-35.6566,-63.7568,48.29,63,0,8.05,clear sky,AR,2022-05-02 01:03:39
424,Sivas,39.7916,37.0019,44.78,82,100,5.82,overcast clouds,TR,2022-05-02 01:03:40
425,Guerrero Negro,27.9769,-114.0611,63.75,72,6,17.9,clear sky,MX,2022-05-02 00:59:50
426,Atambua,-9.1061,124.8925,83.1,56,85,5.19,overcast clouds,ID,2022-05-02 01:03:41
427,Los Llanos De Aridane,28.6585,-17.9182,62.35,78,0,13.8,clear sky,ES,2022-05-02 01:02:36
428,Mporokoso,-9.3727,30.125,58.71,86,59,8.61,broken clouds,ZM,2022-05-02 01:03:41
429,Smithers,54.7804,-127.1743,50.41,62,100,4.38,overcast clouds,CA,2022-05-02 01:00:20
430,Prokudskoye,55.0089,82.4574,46.27,87,75,6.71,broken clouds,RU,2022-05-02 01:03:42
431,Tanem,63.3078,10.4319,44.49,75,100,9.31,overcast clouds,NO,2022-05-02 01:03:42
432,Kungurtug,50.5994,97.5228,54.07,32,35,2.35,scattered clouds,RU,2022-05-02 01:02:14
433,Kismayo,-0.3582,42.5454,80.49,82,100,11.65,light rain,SO,2022-05-02 01:03:43
434,Tagusao,9.1924,117.8141,83.82,70,98,3.56,overcast clouds,PH,2022-05-02 01:03:44
435,Puerto Cabezas,14.0351,-83.3888,79.23,86,100,9.95,overcast clouds,NI,2022-05-02 01:00:40
436,Amahai,-3.3333,128.9167,84.49,70,31,1.81,scattered clouds,ID,2022-05-02 01:03:44
437,Balashov,51.5502,43.1667,37.42,60,3,4.45,clear sky,RU,2022-05-02 01:03:45
438,Hambantota,6.1241,81.1185,77.34,100,20,3.44,few clouds,LK,2022-05-02 01:03:46
439,Boyuibe,-20.4167,-63.2833,60.26,95,100,6.06,overcast clouds,BO,2022-05-02 01:03:46
440,Sao Gabriel Da Cachoeira,-0.1303,-67.0892,73.26,98,100,1.68,overcast clouds,BR,2022-05-02 01:03:47
441,Pitimbu,-7.4706,-34.8086,78.44,84,13,8.03,few clouds,BR,2022-05-02 01:03:47
442,Ko Samui,9.5357,99.9357,84.15,74,92,12.12,overcast clouds,TH,2022-05-02 01:03:48
443,Guerande,47.3291,-2.4283,54.82,79,100,6.55,overcast clouds,FR,2022-05-02 01:03:48
444,Villamontes,-21.25,-63.5,61.05,99,100,1.95,overcast clouds,BO,2022-05-02 01:03:49
445,Nisporeni,47.0814,28.1783,51.6,77,30,1.95,scattered clouds,MD,2022-05-02 01:03:50
446,Port-Cartier,50.0334,-66.8654,35.96,89,7,6.17,clear sky,CA,2022-05-02 01:03:50
447,San Carlos Del Zulia,9.0,-71.9135,80.29,83,97,5.1,overcast clouds,VE,2022-05-02 01:03:51
448,Lebanon,36.2081,-86.2911,75.42,82,11,5.55,few clouds,US,2022-05-02 01:03:52
449,Gossas,14.4912,-16.0642,73.6,44,8,8.43,clear sky,SN,2022-05-02 01:03:52
450,Port Hardy,50.6996,-127.4199,53.78,66,100,6.91,light rain,CA,2022-05-02 01:03:53
451,Bambanglipuro,-7.95,110.2833,82.02,80,100,3.29,overcast clouds,ID,2022-05-02 01:03:53
452,Shaunavon,49.6501,-108.4181,53.46,35,89,10.63,overcast clouds,CA,2022-05-02 01:03:54
453,San Rafael,-34.6177,-68.3301,51.98,37,4,4.63,clear sky,AR,2022-05-02 01:00:44
454,Lazaro Cardenas,17.9583,-102.2,79.74,59,21,7.61,few clouds,MX,2022-05-02 01:04:54
455,Olafsvik,64.8945,-23.7142,33.1,65,8,19.01,clear sky,IS,2022-05-02 01:04:04
456,Vila Velha,-20.3297,-40.2925,76.95,80,1,7.0,clear sky,BR,2022-05-02 01:01:09
457,North Platte,41.1239,-100.7654,61.12,37,0,8.99,clear sky,US,2022-05-02 01:04:55
458,Coos Bay,43.3665,-124.2179,61.32,89,100,5.14,overcast clouds,US,2022-05-02 01:02:52
459,Porto Tolle,44.9497,12.3245,53.04,74,100,6.42,overcast clouds,IT,2022-05-02 01:04:56
460,Arlit,18.7369,7.3853,83.25,12,31,9.82,scattered clouds,NE,2022-05-02 01:04:56
461,Manzhouli,49.6,117.4333,57.6,46,100,11.52,overcast clouds,CN,2022-05-02 01:04:56
462,Japura,-0.3167,102.35,77.86,91,100,2.1,light rain,ID,2022-05-02 01:01:21
463,Bandarbeyla,9.4942,50.8122,82.58,81,100,7.96,overcast clouds,SO,2022-05-02 01:04:57
464,Rehoboth,-23.3167,17.0833,56.43,43,0,4.25,clear sky,NA,2022-05-02 01:04:58
465,Falam,22.9167,93.6833,71.01,49,100,0.78,overcast clouds,MM,2022-05-02 01:04:58
466,Mount Isa,-20.7333,139.5,80.37,50,0,11.5,clear sky,AU,2022-05-02 01:00:53
467,Brae,60.3964,-1.353,47.1,90,98,11.27,overcast clouds,GB,2022-05-02 01:03:30
468,Orsha,54.5153,30.4053,43.21,64,100,1.95,overcast clouds,BY,2022-05-02 01:04:59
469,Churapcha,62.0025,132.4325,42.12,66,7,17.31,clear sky,RU,2022-05-02 01:05:01
470,Rosarito,32.3333,-117.0333,66.24,69,48,7.54,scattered clouds,MX,2022-05-02 01:05:01
471,Uarini,-2.99,-65.1083,73.72,98,100,0.85,moderate rain,BR,2022-05-02 01:05:02
472,Moerai,-22.4333,-151.3333,77.16,74,100,6.71,light rain,PF,2022-05-02 01:05:02
473,Burnie,-41.0667,145.9167,62.94,77,100,12.28,overcast clouds,AU,2022-05-02 01:05:03
474,Eyl,7.9803,49.8164,83.34,74,100,7.09,light rain,SO,2022-05-02 01:00:46
475,Usinsk,65.9939,57.5281,21.97,96,100,7.56,light snow,RU,2022-05-02 01:05:03
476,Duluth,46.7833,-92.1066,43.38,92,100,9.22,overcast clouds,US,2022-05-02 01:00:54
477,General Roca,-39.0333,-67.5833,52.63,52,100,8.9,overcast clouds,AR,2022-05-02 01:05:04
478,Chamonix-Mont-Blanc,45.9238,6.8693,44.89,82,16,2.75,few clouds,FR,2022-05-02 01:05:04
479,Seydi,39.4816,62.9137,71.64,51,100,16.24,light rain,TM,2022-05-02 01:05:05
480,Oistins,13.0667,-59.5333,79.27,75,100,15.17,overcast clouds,BB,2022-05-02 01:05:06
481,Novyy Urgal,51.0736,132.5642,45.36,48,100,3.89,overcast clouds,RU,2022-05-02 01:05:06
482,Kalabo,-14.97,22.6814,59.32,62,0,5.97,clear sky,ZM,2022-05-02 01:05:07
483,Yelabuga,55.7613,52.0649,33.35,71,15,7.85,few clouds,RU,2022-05-02 01:03:55
484,Blackburn,53.75,-2.4833,52.61,93,100,0.11,overcast clouds,GB,2022-05-02 01:01:42
485,Rodrigues Alves,-7.738,-72.6509,77.27,78,77,1.74,broken clouds,BR,2022-05-02 01:05:07
486,Nome,64.5011,-165.4064,42.17,64,2,13.02,clear sky,US,2022-05-02 01:05:08
487,Pasni,25.2631,63.471,82.47,72,0,21.88,clear sky,PK,2022-05-02 01:02:12
488,Husum,54.4858,9.0524,42.15,87,9,0.38,clear sky,DE,2022-05-02 01:05:08
489,Saint Anthony,45.0205,-93.218,44.65,85,100,17.27,overcast clouds,US,2022-05-02 01:03:27
490,Morwa,22.9,73.8333,83.17,54,0,8.55,clear sky,IN,2022-05-02 01:05:09
491,Pedasi,7.5333,-80.0333,77.07,84,100,11.61,overcast clouds,PA,2022-05-02 01:05:10
492,Bilma,18.6853,12.9164,89.78,11,8,8.95,clear sky,NE,2022-05-02 01:05:11
493,Sri Aman,1.2376,111.4621,82.96,76,46,1.25,moderate rain,MY,2022-05-02 01:05:11
494,Cullera,39.1667,-0.25,61.77,81,56,2.28,broken clouds,ES,2022-05-02 01:05:11
495,Kaitong,44.8135,123.15,51.64,41,13,3.29,few clouds,CN,2022-05-02 01:05:12
496,Shache,38.4167,77.2406,59.72,20,4,5.82,clear sky,CN,2022-05-02 01:05:13
497,Encruzilhada Do Sul,-30.5439,-52.5219,52.05,98,100,4.36,overcast clouds,BR,2022-05-02 01:05:13
498,Ulverstone,-41.15,146.1667,63.21,74,96,12.39,overcast clouds,AU,2022-05-02 01:05:14
499,Tazovskiy,67.4667,78.7,10.24,96,78,5.28,broken clouds,RU,2022-05-02 01:05:15
500,Kenora,49.8167,-94.4337,37.78,93,100,8.99,overcast clouds,CA,2022-05-02 01:00:34
501,Trairi,-3.2778,-39.2689,79.77,83,100,10.8,overcast clouds,BR,2022-05-02 01:06:15
502,Jibuti,11.5,42.5,76.24,72,30,7.05,scattered clouds,DJ,2022-05-02 01:06:16
503,Khalkhal,37.6189,48.5258,45.37,95,100,3.31,overcast clouds,IR,2022-05-02 01:06:17
504,Sragen,-7.4264,111.0222,81.23,80,65,0.27,broken clouds,ID,2022-05-02 01:06:17
505,Abu Dhabi,24.4667,54.3667,78.96,57,0,3.44,clear sky,AE,2022-05-02 01:06:18
506,Leshukonskoye,64.8989,45.7622,19.72,95,17,4.45,few clouds,RU,2022-05-02 01:02:57
507,Alexandria,31.2156,29.9553,65.14,74,100,4.5,overcast clouds,EG,2022-05-02 01:05:53
508,Lakselv,70.0513,24.9718,28.22,80,100,4.61,overcast clouds,NO,2022-05-02 01:06:18
509,Kaeo,-35.1,173.7833,69.33,76,100,7.78,overcast clouds,NZ,2022-05-02 01:01:52
510,Monrovia,6.3005,-10.7969,80.47,82,100,8.12,moderate rain,LR,2022-05-02 01:06:19
511,Ilhabela,-23.7781,-45.3581,73.29,85,14,4.5,light rain,BR,2022-05-02 01:06:19
512,Paamiut,61.994,-49.6678,31.1,93,81,6.17,broken clouds,GL,2022-05-02 01:06:20
513,Belmonte,-15.8631,-38.8828,75.88,80,0,4.97,clear sky,BR,2022-05-02 01:06:20
514,Teseney,15.11,36.6575,85.48,31,6,9.15,clear sky,ER,2022-05-02 01:06:21
515,Dunedin,-45.8742,170.5036,65.8,63,3,5.99,clear sky,NZ,2022-05-02 01:01:50
516,Avon Park,27.5959,-81.5062,75.78,81,8,4.74,clear sky,US,2022-05-02 01:06:22
517,Leh,34.1667,77.5833,43.0,38,0,4.41,clear sky,IN,2022-05-02 01:06:22
518,Moron,-34.6534,-58.6198,57.96,60,3,5.37,clear sky,AR,2022-05-02 01:06:23
519,Geraldton,-28.7667,114.6,59.41,77,0,4.61,clear sky,AU,2022-05-02 01:03:14
520,Mbandaka,0.0487,18.2603,70.57,96,100,2.68,light rain,CD,2022-05-02 01:06:23
521,Zavyalovo,54.5053,82.4484,49.5,84,95,5.84,overcast clouds,RU,2022-05-02 01:06:24
522,Mujiayingzi,42.1167,118.7833,55.24,38,77,6.35,broken clouds,CN,2022-05-02 01:06:25
523,El Reno,35.5323,-97.955,74.41,41,0,12.66,clear sky,US,2022-05-02 01:06:25
524,Vestmannaeyjar,63.4427,-20.2734,45.07,65,96,7.38,overcast clouds,IS,2022-05-02 01:04:28
525,Tutoia,-2.7619,-42.2744,77.81,90,100,6.08,moderate rain,BR,2022-05-02 01:06:26
526,Praia Da Vitoria,38.7333,-27.0667,61.75,89,10,2.26,clear sky,PT,2022-05-02 01:06:26
527,Annau,37.8876,58.516,60.3,94,100,2.3,overcast clouds,TM,2022-05-02 01:06:27
528,Mahibadhoo,3.7833,72.9667,84.83,75,97,17.9,overcast clouds,MV,2022-05-02 01:06:28
529,Muros,42.7762,-9.0603,51.22,86,100,4.65,overcast clouds,ES,2022-05-02 01:06:28
530,Davidson,36.1501,-86.7833,75.65,44,20,4.61,few clouds,US,2022-05-02 01:04:26
531,Nyurba,63.2842,118.3319,26.29,52,15,13.62,few clouds,RU,2022-05-02 01:06:29
532,Natchitoches,31.7668,-93.1335,73.38,78,100,11.5,overcast clouds,US,2022-05-02 01:06:30
533,Sept-Iles,50.2001,-66.3821,35.85,86,3,8.12,clear sky,CA,2022-05-02 01:05:17
534,Yulara,-25.2406,130.9889,66.61,41,99,11.03,overcast clouds,AU,2022-05-02 01:06:30
535,Healdsburg,38.6105,-122.8692,83.01,33,0,6.91,clear sky,US,2022-05-02 01:06:30
536,Pilar,-9.5972,-35.9567,75.13,89,92,2.57,light rain,BR,2022-05-02 01:01:34
537,Palmer,42.1584,-72.3287,60.17,61,100,4.29,overcast clouds,US,2022-05-02 01:06:31
538,Sao Jose Da Coroa Grande,-8.8978,-35.1478,77.07,87,24,6.22,few clouds,BR,2022-05-02 01:06:32
539,Kirkwall,58.9848,-2.9587,48.25,93,100,8.05,overcast clouds,GB,2022-05-02 01:05:47
540,Mecca,21.4267,39.8261,80.98,68,5,2.26,clear sky,SA,2022-05-02 01:03:59
541,Vaitape,-16.5167,-151.75,81.39,72,55,8.28,light rain,PF,2022-05-02 01:06:32
542,Balad,34.0164,44.1453,70.95,57,0,12.95,clear sky,IQ,2022-05-02 01:06:33
543,Taos,36.4072,-105.5731,70.2,9,0,14.97,clear sky,US,2022-05-02 01:06:33
544,Ruidoso,33.3317,-105.673,73.96,7,0,20.71,clear sky,US,2022-05-02 01:06:34
545,Havelock,34.8791,-76.9013,69.98,86,100,5.99,overcast clouds,US,2022-05-02 01:03:53
546,Belen,36.4891,36.2233,59.14,72,75,13.8,broken clouds,TR,2022-05-02 01:06:34
547,Berck,50.4,1.6,51.51,76,0,2.3,light rain,FR,2022-05-02 01:06:35
548,Viedma,-40.8135,-62.9967,48.76,77,100,6.8,overcast clouds,AR,2022-05-02 01:06:36
549,Riachao,-7.3619,-46.6172,74.98,67,0,2.28,clear sky,BR,2022-05-02 01:07:36
550,Rincon,32.296,-81.2354,73.83,68,100,8.05,overcast clouds,US,2022-05-02 01:07:36
551,Pudem,58.3044,52.1675,33.75,94,97,7.61,overcast clouds,RU,2022-05-02 01:07:37
552,Nuuk,64.1835,-51.7216,29.01,86,75,9.22,broken clouds,GL,2022-05-02 01:03:07
553,Uryupinsk,50.8047,42.0138,33.62,62,5,2.64,clear sky,RU,2022-05-02 01:07:38
554,Karlskoga,59.3267,14.5239,40.71,65,100,5.35,overcast clouds,SE,2022-05-02 01:07:38
555,Colborne,44.0001,-77.8828,55.58,98,100,12.03,overcast clouds,CA,2022-05-02 01:07:39
556,Skjervoy,70.0311,20.9714,33.8,83,100,8.12,light snow,NO,2022-05-02 01:07:40
557,Kandrian,-6.2167,149.55,85.26,68,2,5.37,light rain,PG,2022-05-02 01:07:40
558,Korla,41.7597,86.1469,61.18,25,6,3.87,clear sky,CN,2022-05-02 01:07:41
559,Qasigiannguit,68.8193,-51.1922,17.85,85,11,4.16,few clouds,GL,2022-05-02 01:07:42
560,Soledade,-28.8183,-52.5103,57.43,99,100,3.98,overcast clouds,BR,2022-05-02 01:03:10
561,Palmas Bellas,9.2319,-80.0867,81.01,88,100,6.46,overcast clouds,PA,2022-05-02 01:07:42
562,Mandapam,9.2833,79.1167,86.81,64,100,8.12,overcast clouds,IN,2022-05-02 01:07:43
563,Acarau,-2.8856,-40.12,78.22,88,24,11.52,few clouds,BR,2022-05-02 01:07:43
564,Avera,33.194,-82.5271,74.71,71,0,7.85,clear sky,US,2022-05-02 01:07:44
565,Pedernales,18.0384,-71.744,76.08,86,100,11.3,overcast clouds,DO,2022-05-02 01:07:44
566,Broome,42.2506,-75.833,55.78,66,100,6.91,overcast clouds,US,2022-05-02 01:07:45
567,Goderich,43.7501,-81.7165,54.91,99,100,10.09,overcast clouds,CA,2022-05-02 01:07:46
568,Koutiala,12.3917,-5.4642,87.85,42,100,6.69,overcast clouds,ML,2022-05-02 01:07:46
569,Sukhothai,17.25,99.6667,76.89,94,75,2.3,light intensity drizzle,TH,2022-05-02 01:07:47
570,Dawlatabad,36.4141,64.9053,68.9,44,100,14.52,overcast clouds,AF,2022-05-02 01:07:48
571,Coquimbo,-29.9533,-71.3436,55.13,87,0,2.3,clear sky,CL,2022-05-02 01:07:48
572,Huangchuan,32.1272,115.0394,67.23,47,83,10.2,broken clouds,CN,2022-05-02 01:07:49
573,Cerqueira Cesar,-23.0356,-49.1661,65.95,84,90,4.36,overcast clouds,BR,2022-05-02 01:07:49
574,Tooele,40.5308,-112.2983,50.65,87,100,3.44,overcast clouds,US,2022-05-02 01:07:50
575,Hun,29.1268,15.9477,61.14,59,0,20.54,clear sky,LY,2022-05-02 01:07:51
576,Berlevag,70.8578,29.0864,19.2,72,98,11.34,overcast clouds,NO,2022-05-02 01:07:51
577,Honiara,-9.4333,159.95,83.32,78,100,4.65,overcast clouds,SB,2022-05-02 01:07:52
578,Huanren,41.2647,125.3667,49.98,40,7,7.16,clear sky,CN,2022-05-02 01:05:23
579,Seoul,37.5683,126.9778,58.44,23,0,9.28,clear sky,KR,2022-05-02 01:05:33
580,Half Moon Bay,37.4636,-122.4286,74.88,68,0,24.16,haze,US,2022-05-02 01:07:53
581,Perivolion,39.4206,20.0147,60.66,76,100,3.42,overcast clouds,GR,2022-05-02 01:07:53
582,Alofi,-19.0595,-169.9187,80.65,80,100,13.8,light rain,NU,2022-05-02 01:07:54
583,Fort Saint James,54.4333,-124.25,47.91,80,100,4.14,overcast clouds,CA,2022-05-02 01:03:31
584,Jalu,29.0331,21.5482,75.76,43,100,14.81,overcast clouds,LY,2022-05-02 01:07:54
585,Port Blair,11.6667,92.75,80.64,89,75,2.3,mist,IN,2022-05-02 01:07:55
586,Konosha,60.9736,40.257,26.92,95,100,3.62,overcast clouds,RU,2022-05-02 01:07:56
587,Asau,46.4333,26.4,43.95,96,75,2.95,broken clouds,RO,2022-05-02 01:07:56
588,Tuyen Quang,21.8233,105.2181,70.41,67,76,3.4,broken clouds,VN,2022-05-02 01:07:56
589,Rawson,-43.3002,-65.1023,51.51,60,100,10.42,overcast clouds,AR,2022-05-02 01:07:57
590,Aksarka,66.5606,67.7975,10.29,93,15,4.85,few clouds,RU,2022-05-02 01:07:58
591,Santa Adelia,-21.2428,-48.8042,67.5,66,7,5.1,clear sky,BR,2022-05-02 01:07:58
592,Puerto Carreno,6.189,-67.4859,79.68,80,91,1.59,overcast clouds,CO,2022-05-02 01:07:59
593,Niitsu,37.8,139.1167,53.91,67,76,4.74,broken clouds,JP,2022-05-02 01:08:00
594,Plettenberg Bay,-34.0527,23.3716,57.67,80,0,4.29,clear sky,ZA,2022-05-02 01:08:00
595,Labuhan,-6.8844,112.2051,82.38,82,96,8.16,overcast clouds,ID,2022-05-02 01:08:01
596,Mount Gambier,-37.8333,140.7667,62.51,82,100,13.8,overcast clouds,AU,2022-05-02 01:08:01
597,Peniche,39.3558,-9.3811,58.28,83,6,13.56,clear sky,PT,2022-05-02 01:09:02
598,San Luis,-33.295,-66.3356,53.91,38,1,17.43,clear sky,AR,2022-05-02 01:06:49
599,Tilichiki,60.4667,166.1,26.19,84,9,4.21,clear sky,RU,2022-05-02 01:09:03
600,Ishigaki,24.3448,124.1572,68.77,83,100,24.99,overcast clouds,JP,2022-05-02 01:09:03
601,Juybar,36.6412,52.9124,60.4,87,100,6.87,overcast clouds,IR,2022-05-02 01:09:04
602,Dhola,21.8833,71.7833,84.83,60,0,8.16,clear sky,IN,2022-05-02 01:09:04
603,Zomin,39.9606,68.3958,66.74,53,100,0.96,light rain,UZ,2022-05-02 01:09:05
604,Yerbogachen,61.2767,108.0108,29.43,54,5,2.71,clear sky,RU,2022-05-02 01:09:06
605,Kupang,-10.1667,123.5833,85.19,66,86,9.78,overcast clouds,ID,2022-05-02 01:09:06
606,Talara,-4.5772,-81.2719,66.96,89,45,12.35,scattered clouds,PE,2022-05-02 01:09:07
607,Yeppoon,-23.1333,150.7333,78.58,76,82,16.44,broken clouds,AU,2022-05-02 01:09:07
608,Koslan,63.4564,48.8989,24.62,90,73,5.5,broken clouds,RU,2022-05-02 01:09:08
609,Rancho Palos Verdes,33.7445,-118.387,71.65,78,20,16.11,few clouds,US,2022-05-02 01:07:11
610,Bubaque,11.2833,-15.8333,77.58,71,100,10.94,overcast clouds,GW,2022-05-02 01:09:09
611,Isangel,-19.55,169.2667,81.09,84,100,9.51,overcast clouds,VU,2022-05-02 01:07:47
612,Podyuga,61.095,40.8647,28.42,95,100,3.87,overcast clouds,RU,2022-05-02 01:09:09
613,Saint-Augustin,51.226,-58.6502,33.48,81,100,19.77,snow,CA,2022-05-02 01:09:10
614,Hami,42.8,93.45,66.78,10,18,6.62,few clouds,CN,2022-05-02 01:09:10
615,Itaituba,-4.2761,-55.9836,74.28,98,100,1.01,light rain,BR,2022-05-02 01:09:11
616,Novaya Ladoga,60.1025,32.3019,36.14,89,83,9.13,broken clouds,RU,2022-05-02 01:09:12
617,Khudumelapye,-23.8833,24.75,60.06,62,0,5.55,clear sky,BW,2022-05-02 01:09:12
618,Foumbot,5.5079,10.6356,65.88,97,100,3.31,light rain,CM,2022-05-02 01:09:13
619,Petropavlovsk-Kamchatskiy,53.0452,158.6483,43.39,49,0,17.9,clear sky,RU,2022-05-02 01:05:39
620,Klyuchi,52.2667,79.1667,63.5,76,85,8.41,overcast clouds,RU,2022-05-02 01:09:14
621,Nalhati,24.3,87.8167,82.18,61,28,8.93,scattered clouds,IN,2022-05-02 01:09:14
622,Igrim,63.1906,64.4162,27.36,96,100,4.65,overcast clouds,RU,2022-05-02 01:09:15
623,Kandi,11.1342,2.9386,84.04,48,100,6.11,overcast clouds,BJ,2022-05-02 01:09:15
624,Miri,4.4148,114.0089,82.47,74,67,3.51,broken clouds,MY,2022-05-02 01:09:16
625,Kirovsk,48.6375,38.6428,39.83,64,10,4.74,clear sky,UA,2022-05-02 01:09:17
626,Mutoko,-17.397,32.2268,52.77,87,0,3.65,clear sky,ZW,2022-05-02 01:09:17
627,Salamiyah,35.0113,37.0532,56.75,88,0,9.13,clear sky,SY,2022-05-02 01:09:18
628,Castro Marim,37.2207,-7.4435,58.37,76,0,16.73,clear sky,PT,2022-05-02 01:09:18
629,Angoram,-4.0625,144.0661,81.23,81,88,1.57,overcast clouds,PG,2022-05-02 01:09:19
630,Tessalit,20.1986,1.0114,74.53,17,0,8.77,clear sky,ML,2022-05-02 01:09:20
631,Grindavik,63.8424,-22.4338,37.87,87,0,5.75,clear sky,IS,2022-05-02 01:09:21
632,Ous,60.9058,61.5186,26.17,84,10,6.2,clear sky,RU,2022-05-02 01:09:22
633,Nikolayevka,53.1257,47.2041,34.63,62,9,3.42,clear sky,RU,2022-05-02 01:09:22
634,Maldonado,-34.6667,-54.9167,56.59,64,93,11.77,overcast clouds,UY,2022-05-02 01:08:26
635,Hoquiam,46.9809,-123.8893,62.46,73,40,9.22,scattered clouds,US,2022-05-02 01:09:23
636,Salalah,17.0151,54.0924,84.29,84,75,4.61,broken clouds,OM,2022-05-02 01:09:24
637,Oparino,59.8518,48.2783,26.19,97,87,4.45,light snow,RU,2022-05-02 01:09:24
638,Vila Franca Do Campo,37.7167,-25.4333,66.2,92,23,3.02,few clouds,PT,2022-05-02 01:09:25
639,Vila,42.0304,-8.1588,45.48,89,76,2.35,broken clouds,PT,2022-05-02 01:09:25
640,Norsup,-16.0667,167.3833,84.51,67,100,1.77,overcast clouds,VU,2022-05-02 01:09:26
641,Tura,25.5198,90.2201,72.46,90,47,5.14,scattered clouds,IN,2022-05-02 01:09:26
642,Robertson,36.5167,-86.8667,73.38,64,0,4.61,clear sky,US,2022-05-02 01:09:27
643,Jaciara,-15.9653,-54.9683,72.45,55,8,1.52,clear sky,BR,2022-05-02 01:09:28
644,Sistranda,63.7256,8.834,42.76,87,100,46.6,overcast clouds,NO,2022-05-02 01:09:28
645,Balotra,25.8333,72.2333,82.29,56,4,16.46,clear sky,IN,2022-05-02 01:10:29
646,Faya,18.3851,42.4509,63.12,55,100,2.04,overcast clouds,SA,2022-05-02 01:10:29
647,Apiai,-24.5094,-48.8425,62.44,88,93,3.0,overcast clouds,BR,2022-05-02 01:10:30
648,Tamandare,-8.7597,-35.1047,77.0,87,19,5.64,few clouds,BR,2022-05-02 01:10:30
649,Pahrump,36.2083,-115.9839,77.25,10,0,18.99,clear sky,US,2022-05-02 01:10:31
650,Imeni Poliny Osipenko,52.4201,136.4853,38.57,73,17,1.16,few clouds,RU,2022-05-02 01:10:32
651,Okakarara,-20.5833,17.4333,59.45,53,3,4.23,clear sky,NA,2022-05-02 01:10:32
652,Santa Maria,-29.6842,-53.8069,58.95,96,98,4.56,overcast clouds,BR,2022-05-02 01:10:33
653,Srednekolymsk,67.45,153.6833,33.82,100,100,3.02,overcast clouds,RU,2022-05-02 01:10:33
654,Soe,-9.8607,124.284,77.61,61,35,7.56,scattered clouds,ID,2022-05-02 01:10:34
655,Santa Lucia,27.9117,-15.5407,57.76,72,20,20.71,few clouds,ES,2022-05-02 01:10:35
656,Havre,49.5833,0.3333,48.6,93,100,9.22,light rain,FR,2022-05-02 01:10:35
657,Bengkulu,-3.8004,102.2655,78.94,81,99,3.85,overcast clouds,ID,2022-05-02 01:10:36
658,Mwense,-10.3845,28.698,67.14,66,88,7.87,overcast clouds,ZM,2022-05-02 01:10:36
659,Palmas,-10.2128,-48.3603,75.07,88,0,6.91,clear sky,BR,2022-05-02 01:10:37
660,Salisbury,51.0693,-1.7957,49.41,98,75,4.61,mist,GB,2022-05-02 01:05:44
661,Kaseda,31.4167,130.3167,62.53,50,100,11.32,overcast clouds,JP,2022-05-02 01:10:37
662,Santa Cruz,-17.8,-63.1667,74.66,83,20,5.75,few clouds,BO,2022-05-02 01:08:33
663,Maiduguri,11.8464,13.1603,91.29,25,76,7.67,broken clouds,NG,2022-05-02 01:10:38
664,Matara,5.9485,80.5353,79.2,89,95,10.31,overcast clouds,LK,2022-05-02 01:10:38
665,Riberalta,-10.9833,-66.1,79.12,70,75,2.98,broken clouds,BO,2022-05-02 01:10:39
666,Pavlohrad,48.5167,35.8667,44.2,75,65,5.46,broken clouds,UA,2022-05-02 01:10:40
667,Grafton,42.207,-71.6856,55.92,52,100,1.99,overcast clouds,US,2022-05-02 01:10:40
668,Tomatlan,19.9333,-105.25,79.3,51,1,5.57,clear sky,MX,2022-05-02 01:10:41
669,Kloulklubed,7.0419,134.2556,79.3,76,97,14.72,light rain,PW,2022-05-02 01:10:41
670,Kedrovyy,56.1667,91.8167,43.21,80,100,6.17,overcast clouds,RU,2022-05-02 01:10:42
671,Garowe,8.4054,48.4845,80.6,63,27,11.18,light rain,SO,2022-05-02 01:10:42
672,San Quintin,30.4833,-115.95,61.97,72,0,14.99,clear sky,MX,2022-05-02 01:07:12
673,Te Anau,-45.4167,167.7167,59.95,62,10,5.46,clear sky,NZ,2022-05-02 01:10:43
674,Hongjiang,27.11,109.9956,63.43,69,76,3.67,broken clouds,CN,2022-05-02 01:10:44
675,Dali,25.7,100.1833,48.6,88,100,5.32,overcast clouds,CN,2022-05-02 01:10:44
676,Surt,31.2089,16.5887,63.39,84,16,30.6,few clouds,LY,2022-05-02 01:10:45
677,Danielskuil,-28.1887,23.5395,51.53,39,0,4.61,clear sky,ZA,2022-05-02 01:10:45
678,Forestville,38.8451,-76.875,57.49,91,20,6.91,few clouds,US,2022-05-02 01:10:46
679,Mananjary,-21.2167,48.3333,70.75,92,24,8.5,few clouds,MG,2022-05-02 01:10:47
680,Nador,35.174,-2.9287,62.85,45,0,2.3,clear sky,MA,2022-05-02 01:10:47
681,Winnemucca,40.973,-117.7357,60.85,29,0,4.61,clear sky,US,2022-05-02 01:10:48
682,Agadir,30.4202,-9.5982,63.05,73,0,6.46,clear sky,MA,2022-05-02 01:10:48
683,Ahraura,25.0167,83.0167,85.48,38,5,3.98,clear sky,IN,2022-05-02 01:10:49
684,Beira,-19.8436,34.8389,77.09,73,40,11.5,scattered clouds,MZ,2022-05-02 01:10:49
685,Rudnya,54.947,31.0934,41.56,62,100,4.54,overcast clouds,RU,2022-05-02 01:10:50
686,Nelson Bay,-32.7167,152.15,70.09,81,8,3.24,clear sky,AU,2022-05-02 01:10:51
687,Pangody,65.85,74.4859,21.0,97,100,3.51,overcast clouds,RU,2022-05-02 01:10:51
688,Kalmunai,7.4167,81.8167,79.9,82,79,3.18,broken clouds,LK,2022-05-02 01:10:52
689,Karasjok,69.4719,25.5112,27.84,97,100,5.75,overcast clouds,NO,2022-05-02 01:10:52
690,Okato,-39.2,173.8833,67.17,80,100,14.0,overcast clouds,NZ,2022-05-02 01:10:53
691,Diu,20.7141,70.9822,80.47,91,0,9.06,clear sky,IN,2022-05-02 01:10:54
692,Tirumullaivasal,11.2333,79.8333,83.8,68,100,7.43,overcast clouds,IN,2022-05-02 01:11:54
693,Erechim,-27.6342,-52.2739,61.27,96,81,0.87,broken clouds,BR,2022-05-02 01:11:55
694,Sola,-13.8833,167.55,82.2,72,100,5.08,moderate rain,VU,2022-05-02 01:11:55
695,Ulaangom,49.9811,92.0667,61.52,18,93,2.68,overcast clouds,MN,2022-05-02 01:11:56
696,Vao,-22.6667,167.4833,75.4,87,7,19.42,clear sky,NC,2022-05-02 01:11:56
697,Buraydah,26.326,43.975,75.72,15,0,9.55,clear sky,SA,2022-05-02 01:11:57
698,Lithakia,37.7167,20.8333,56.57,85,100,11.97,light rain,GR,2022-05-02 01:11:58
699,Ithaca,42.4406,-76.4966,57.29,77,100,12.66,overcast clouds,US,2022-05-02 01:11:58
700,Sorong,-0.8833,131.25,83.95,74,19,7.67,few clouds,ID,2022-05-02 01:09:15
701,Beringovskiy,63.05,179.3167,20.19,74,32,14.63,scattered clouds,RU,2022-05-02 01:11:59
702,Nadadores,27.05,-101.6,90.25,45,75,4.59,broken clouds,MX,2022-05-02 01:11:59
703,Nantucket,41.2835,-70.0995,51.91,92,0,4.61,clear sky,US,2022-05-02 01:10:34
704,Kindu,-2.95,25.95,69.13,96,100,3.13,overcast clouds,CD,2022-05-02 01:12:00
705,Bangassou,4.7413,22.8184,68.9,97,100,2.84,overcast clouds,CF,2022-05-02 01:12:01
706,Caravelas,-17.7125,-39.2481,74.03,81,0,5.19,clear sky,BR,2022-05-02 01:12:01
707,Mishkino,55.3389,63.9175,35.01,66,6,16.24,clear sky,RU,2022-05-02 01:12:02
708,Mayumba,-3.432,10.6554,77.36,93,87,4.45,light rain,GA,2022-05-02 01:12:03
709,Tornio,65.8481,24.1466,35.62,92,100,10.54,overcast clouds,FI,2022-05-02 01:12:03
710,Channel-Port Aux Basques,47.5702,-59.1367,36.81,97,100,8.63,light rain,CA,2022-05-02 01:12:04
711,Zhigansk,66.7697,123.3711,18.93,82,100,22.08,overcast clouds,RU,2022-05-02 01:12:04
712,Borba,-4.3878,-59.5939,74.55,97,89,2.42,overcast clouds,BR,2022-05-02 01:12:05
713,Beyneu,45.3167,55.2,58.87,50,0,14.47,clear sky,KZ,2022-05-02 01:12:06
714,Atbasar,51.8,68.3333,44.56,79,0,11.77,clear sky,KZ,2022-05-02 01:12:06
715,Windsor,42.3001,-83.0165,59.32,76,100,5.01,overcast clouds,CA,2022-05-02 01:10:17
716,Dawei,14.0833,98.2,77.25,90,100,3.53,light rain,MM,2022-05-02 01:08:08
717,Anadyr,64.75,177.4833,25.3,74,0,13.42,clear sky,RU,2022-05-02 01:12:07
718,Ushtobe,45.2514,77.9838,70.99,34,100,4.34,overcast clouds,KZ,2022-05-02 01:12:07
719,Villanueva De Cordoba,38.3228,-4.6287,49.05,71,0,3.65,clear sky,ES,2022-05-02 01:12:08
720,Meulaboh,4.1363,96.1285,77.88,87,91,3.65,light rain,ID,2022-05-02 01:12:09
721,Zeya,53.75,127.2667,47.28,33,100,7.85,overcast clouds,RU,2022-05-02 01:12:09
722,Zalegoshch,52.9008,36.8869,39.83,67,91,6.29,overcast clouds,RU,2022-05-02 01:12:10
723,Pringsewu,-5.3582,104.9744,80.58,77,81,4.34,broken clouds,ID,2022-05-02 01:12:11
724,Vardo,70.3705,31.1107,28.11,69,100,7.83,overcast clouds,NO,2022-05-02 01:12:11
725,Frontera,26.9333,-101.45,89.33,46,98,5.01,overcast clouds,MX,2022-05-02 01:09:46
